Title,Released_Date,Released_Date_Xpath,Score,Rating,Director,Star_1,Star_2,studio,Locaton
Resident Evil 4,2023,2023,9.5,M,Yasuhiro Anpo,Nick Apostolides,Nick Apostolides,Capcom Company,"March 24, 2023 (United States)"
Batman: Arkham Knight,2015,2015,9.0,M,Sefton Hill,Bob Kane,Carlos Alazraqui,DC Entertainment,Official Arkham Series Facebook Page
Star Wars Jedi: Survivor,2023,2023,"(None,)",T,Stig Asmussen,Cameron Monaghan,Cameron Monaghan,Lucasfilm Games,"April 28, 2023 (United States)"
Call of Duty: Modern Warfare II,2022,2022,7.8,M,Jeffrey Keith Negus,Alain Mesa,Alain Mesa,Infinity Ward,"October 28, 2022 (United States)"
Grand Theft Auto: Vice City,2002,2002,9.2,M,Dan Houser,Dan Houser,Ray Liotta,Rockstar North,"Miami, Florida, USA"
Resident Evil Village,2021,2021,8.7,M,Morimasa Sato,Antony Johnston,Todd Soley,Capcom Company,"May 7, 2021 (United States)"
God of War,2018,2018,9.5,M,Cory Barlog,Christopher Judge,Christopher Judge,SCEA Santa Monica Studios,"April 20, 2018 (United States)"
The Last of Us: Part I,2022,2022,9.7,M,Matthew Gallant,Ashley Johnson,Ashley Johnson,Naughty Dog,"Seattle, Washington, USA"
Horizon Forbidden West,2022,2022,9.1,T,Mathijs de Jonge,Giles Armstrong,Ashly Burch,Guerrilla Games,"Amsterdam, Netherlands"
Uncharted 4: A Thief's End,2016,2016,9.5,T,Neil Druckmann,Neil Druckmann,Nolan North,Naughty Dog,"May 10, 2016 (United States)"
Detroit: Become Human,2018,2018,9.2,M,David Cage,Valorie Curry,Valorie Curry,Quantic Dream,"Detroit, Michigan, USA"
Resident Evil 2,2019,2019,9.0,M,Yasuhiro Anpo,Dairo Chijiiwa,Nick Apostolides,Capcom Company,"January 25, 2019 (United States)"
Cyberpunk 2077,2020,2020,8.2,M,Adam Badowski,Marcin Blacha,Cherami Leigh,CD Projekt RED,CD Projekt Red
Grand Theft Auto V,2013,2013,9.5,M,Dan Houser,Dan Houser,Shawn Fonteno,Rockstar Games,"Los Angeles, California, USA"
Death Stranding,2019,2019,8.8,M,Hideo Kojima,Norman Reedus,Norman Reedus,Kojima Productions,Iceland
WWE 2K23,2023,2023,8.6,"(None,)",Sean Conaway,Dwayne Johnson,Dwayne Johnson,Visual Concepts,"March 17, 2023 (United States)"
Star Wars Jedi: Fallen Order,2019,2019,8.5,T,Stig Asmussen,Aaron Contreras,Cameron Monaghan,Respawn Entertainment,Official Site
Grand Theft Auto: San Andreas,2004,2004,9.4,M,Dan Houser,Dan Houser,Young Maylay,Rockstar North,"Los Angeles, California, USA"
Resident Evil VII: Biohazard,2017,2017,8.6,M,Koushi Nakanishi,Todd Soley,Todd Soley,Capcom Company,"January 24, 2017 (United States)"
Days Gone,2019,2019,8.3,M,John Garvin,Sam Witwer,Sam Witwer,SIE Bend Studio,"April 26, 2019 (United States)"
Grand Theft Auto IV,2008,2008,8.9,M,Dan Houser,Dan Houser,Michael Hollick,Rockstar North,"April 29, 2008 (United States)"
Midnight Suns,2022,2022,8.3,T,Chad Rocco,Zach Bush,Elizabeth Grullon,Firaxis Games Inc.,"December 2, 2022 (United States)"
Sackboy: A Big Adventure,2020,2020,7.9,E,Chris Olsen,Chris Olsen,Phil Lord,PlayStation Studios,"November 12, 2020 (United States)"
Far Cry 6,2021,2021,7.5,M,Ben Bauer,Ben Bauer,Nuha Alkadi,Ubisoft Toronto,"October 7, 2021 (United States)"
Batman: Arkham City,2011,2011,9.4,T,Sefton Hill,Bob Kane,Kevin Conroy,DC Entertainment,"October 18, 2011 (United States)"
Far Cry 5,2018,2018,7.9,M,Patrick Methe,Drew Holmes,Greg Bryk,Ubisoft Montreal,"March 27, 2018 (United States)"
The Elder Scrolls V: Skyrim,2011,2011,9.4,M,Todd Howard,Emil Pagliarulo,Max von Sydow,Bethesda Game Studios,"All news, credits and full game download"
Resident Evil 5,2009,2009,7.7,M,Yasuhiro Anpo,Kenichi Ueda,Roger Craig Smith,Capcom Company,South Africa
Peaky Blinders: The King's Ransom,2023,2023,8.8,"(None,)",Russell Harding,Karen Bird,Cillian Murphy,Instagram,"March 9, 2023 (United Kingdom)"
Squadron 42,"(None,)",William Weissbaum,"(None,)","(None,)",Chris Roberts,Gary Oldman,Gary Oldman,Foundry 42,Gary Oldman
Far Cry 3,2012,2012,8.9,M,Laurent Bernier,Jeffrey Yohalem,Lane Edwards,Ubisoft Massive Studio,"December 4, 2012 (United States)"
Resident Evil 6,2012,2012,6.7,M,Eiichiro Sasaki,Shotaro Suga,Matthew Mercer,Capcom Company,"October 2, 2012 (United States)"
Red Dead Redemption,2010,2010,9.4,M,Dan Houser,Dan Houser,Rob Wiethoff,Rockstar Games,"May 18, 2010 (United States)"
Elden Ring,2022,2022,9.4,M,Hidetaka Miyazaki,Martha Mackintosh,Martha Mackintosh,Bandai Namco Entertainment,"February 25, 2022 (United States)"
The Dark Pictures: The Devil in Me,2022,2022,7.3,"(None,)",Will Doyle,Seth M. Sherwood,Jessie Buckley,Supermassive Games,"November 18, 2022 (United Kingdom)"
Atomic Heart,2023,2023,6.5,M,Artyom Galeev,Robert Bagratuni,Alexander Lomov,Mundfish,"February 21, 2023 (United States)"
Until Dawn,2015,2015,8.7,M,Will Byles,Larry Fessenden,Hayden Panettiere,Sony Computer Entertainment America,"August 25, 2015 (United States)"
Mass Effect: Legendary Edition,2021,2021,9.6,M,Casey Hudson,Drew Karpyshyn,Steven Barr,"May 14, 2021 (United States)",Drew Karpyshyn
Dead Space,2023,2023,9.0,M,Eric Baptizat,Gunner Wright,Gunner Wright,Motive Studios,"January 27, 2023 (United States)"
Forspoken,2023,2023,4.5,M,Takeshi Aramaki,Todd Stashwick,Ella Balinska,Luminous Productions,"January 24, 2023 (United States)"
Grand Theft Auto III,2001,2001,8.7,M,James Worrall,James Worrall,Frank Vincent,Rockstar North,"New York City, New York, USA"
BioShock Infinite,2013,2013,9.1,M,Ken Levine,Ken Levine,Troy Baker,Irrational Games,"March 26, 2013 (United States)"
Life Is Strange,2015,2015,8.9,M,Raoul Barbet,Christian Divine,Hannah Telle,Dontnod Entertainment,"January 30, 2015 (United States)"
Dying Light,2015,2015,8.2,M,Adrian Ciszewski,Jerrold Brown,Roger Craig Smith,Techland,"January 27, 2015 (United States)"
Kingdom Hearts III,2019,2019,8.3,E10+,Tetsuya Nomura,Haley Joel Osment,Haley Joel Osment,Disney Interactive Japan,"January 29, 2019 (United States)"
Marvel's Guardians of the Galaxy,2021,2021,8.6,T,Jean-François Dugas,Mary DeMarle,Jon McLaren,Eidos Montreal,"October 26, 2021 (United States)"
Suicide Squad: Kill the Justice League,2023,2023,"(None,)",M,Sefton Hill,Kim Belair,Debra Wilson,Rocksteady Studios,"May 26, 2023 (United States)"
Marvel's Avengers,2020,2020,6.3,T,Shaun Escayg,Shaun Escayg,Sandra Saad,Crystal Dynamics,"September 4, 2020 (United States)"
Call of Duty: Black Ops,2010,2010,8.3,M,Dave Anthony,Craig Houston,James C. Burns,PCB Productions,"November 9, 2010 (United States)"
Mass Effect 3,2012,2012,9.1,M,Casey Hudson,John Dombrow,Jennifer Hale,Bioware,"March 6, 2012 (United States)"
Uncharted: The Lost Legacy,2017,2017,8.5,T,Shaun Escayg,Neil Druckmann,Claudia Black,Naughty Dog,"August 22, 2017 (United States)"
Uncharted 2: Among Thieves,2009,2009,9.3,T,Amy Hennig,Nolan North,Nolan North,Naughty Dog,"October 13, 2009 (United States)"
Resident Evil 2,1998,1998,9.1,M,Hideki Kamiya,Paul Haddad,Paul Haddad,Capcom Company,"January 21, 1998 (United States)"
Minecraft,2009,2009,8.6,E10+,Agnes Larsson,"May 16, 2009 (United States)",Official Facebook,4J studios,Official Facebook
Call of Duty: Modern Warfare,2019,2019,8.4,M,Brian Bloom,Brian Bloom,Barry Sloane,Infinity Ward,"Saint Petersburg, Russia"
Mortal Kombat 11,2019,2019,7.9,M,Ed Boon,Dominic Cianciolo,Ike Amadi,NetherRealm Studios,"April 23, 2019 (United States)"
High on Life,2022,2022,7.8,M,Derrick Beckles,Derrick Beckles,Justin Roiland,Squanch Games,"December 13, 2022 (United States)"
Command & Conquer: Red Alert 3,2008,2008,7.5,T,Richard Taylor,Gemma Atkinson,Gemma Atkinson,"October 28, 2008 (United States)",Gemma Atkinson
God of War III,2010,2010,9.1,M,Stig Asmussen,Stig Asmussen,George Ball,SCEA Santa Monica Studios,"March 16, 2010 (United States)"
Immortality,2022,2022,8.4,M,Sam Barlow,Sam Barlow,Christian Barber,Half Mermaid Productions,"August 30, 2022 (United States)"
Persona 5 Royal,2019,2019,9.5,M,Daiki Itô,Katsura Hashino,Jun Fukuyama,Atlus,"March 31, 2020 (United States)"
Bloodborne,2015,2015,9.3,M,Hidetaka Miyazaki,Daniel Fine,Daniel Fine,From Software,"March 24, 2015 (United States)"
Super Mario Bros.,1985,1985,8.9,"(None,)",Shigeru Miyamoto,"November 17, 1985 (United States)",Nintendo Entertainment Analysis and Development (EAD) (I),Nintendo Entertainment Analysis and Development (EAD) (I),"November 17, 1985 (United States)"
Middle-Earth: Shadow of War,2017,2017,8.2,M,JB Blanc,Rich Bryant,Ike Amadi,Monolith Productions,"October 10, 2017 (United States)"
Beyond: Two Souls,2013,2013,8.4,M,David Cage,Elliot Page,Elliot Page,Quantic Dream,"October 8, 2013 (United States)"
M.U.G.E.N,1999,1999,7.0,E10+,Donna Bailey,Donna Bailey,Donna Bailey,"July 27, 1999 (United States)",Donna Bailey
The Dark Pictures: Little Hope,2020,2020,7.1,M,Nik Bowen,Will Poulter,Will Poulter,Supermassive Games,"October 30, 2020 (United States)"
NieR: Automata,2017,2017,8.8,M,Yoko Taro,Yui Ishikawa,Yui Ishikawa,Platinum Games,"March 7, 2017 (United States)"
Portal 2,2011,2011,9.4,E10+,Chet Faliszek,Chet Faliszek,Ellen McLain,Valve,"April 19, 2011 (United States)"
A Plague Tale: Requiem,2022,2022,8.6,M,Kevin Choteau,Aurélie Belzanne,Robyn Wolf,Asobo Studio,"October 18, 2022 (France)"
Resident Evil: Code: Veronica,2000,2000,8.1,M,Hiroki Katô,Hiroki Katô,Noboru Sugimura,Capcom Company,"March 29, 2000 (United States)"
Star Wars: The Force Unleashed,2008,2008,8.0,T,Haden Blackman,George Lucas,Sam Witwer,n-Space,"San Francisco, California, USA"
Spider-Man 2,2023,2023,"(None,)",T,Bryan Intihar,Tony Todd,Tony Todd,Insomniac Games,"New York City, New York, USA"
Metal Gear Solid,1998,1998,9.6,M,Hideo Kojima,David Hayter,David Hayter,Konami Computer Entertainment,"October 21, 1998 (United States)"
Far Cry 4,2014,2014,8.1,M,Patrick Methe,Mark Thompson,Troy Baker,Ubisoft Montreal,"November 18, 2014 (United States)"
Silent Hill 2,2001,2001,9.4,M,Takayuki Kobayashi,Guy Cihi,Guy Cihi,Creature Labs,"September 24, 2001 (United States)"
Injustice: Gods Among Us,2013,2013,8.0,T,Ed Boon,Brian Chard,Stephen Amell,DC Entertainment,Official Facebook
Tomb Raider,2013,2013,8.7,M,Noah Hughes,Camilla Luddington,Camilla Luddington,Crystal Dynamics,Official Blog
GhostWire: Tokyo,2022,2022,7.0,T,Kenji Kimura,Kensuke Nishi,Kensuke Nishi,Tango Gameworks,"Tokyo, Japan"
Mob of the Dead,2013,2013,9.1,"(None,)",Corky Lehmkuhl,Craig Houston,Craig Houston,Activision,"April 16, 2013 (United States)"
Fire Emblem: Engage,2023,2023,8.0,T,Kenta Nakanishi,Nami Komuro,Hiro Shimono,Intelligent Systems,"January 20, 2023 (United States)"
The Witcher 3: Wild Hunt - Blood and Wine,2016,2016,9.8,M,Konrad Tomaszkiewicz,Blazej Augustynek,Doug Cockle,"May 31, 2016 (Poland)",Blazej Augustynek
Dragon Age: Origins,2009,2009,9.1,M,Dan Tudge,Ferret Baudoin,Steve Valentine,Bioware,"November 3, 2009 (United States)"
NBA 2K23,2022,2022,6.2,"(None,)",Christian Papierniak,Tyler Antonius,Tyler Antonius,"September 9, 2022 (United States)",Tyler Antonius
The Chronicles of Riddick: Assault on Dark Athena,2009,2009,8.2,M,Eric Weiss,Tommy Tordsson,Brian Bloom,Tigon Studios,"April 7, 2009 (United States)"
Apex Legends,2019,2019,7.4,T,Sam Gill,Sam Gill,Gabe Kunda,Digital One,Electronic Arts
P.T.,2014,2014,9.3,Not Rated,Guillermo del Toro,"August 12, 2014 (Japan)",Kojima Productions,Kojima Productions,"August 12, 2014 (Japan)"
Bully,2006,2006,8.6,T,Dan Houser,Dan Houser,Gerry Rosenthal,Rockstar Vancouver,"October 17, 2006 (United States)"
Octopath Traveler II,2023,2023,9.0,T,Aya Hirano,Aya Hirano,Aya Hirano,"February 24, 2023 (Japan)",Aya Hirano
Max Payne,2001,2001,9.2,M,Sam Lake,James McCaffrey,James McCaffrey,Remedy Entertainment,"New York City, New York, USA"
Resident Evil 3: Nemesis,1999,1999,8.6,M,Kazuhiro Aoyama,Catherine Disher,Catherine Disher,Capcom Company,"November 11, 1999 (United States)"
Silent Hill,1999,1999,9.0,M,Keiichiro Toyama,Michael Guinn,Michael Guinn,Konami Computer Entertainment,"February 2, 1999 (United States)"
Dead Island 2,2023,2023,"(None,)",M,Bernd Diemer,Skye Bennett,Skye Bennett,Dambuster Studios,"April 21, 2023 (United States)"
Kingdom Hearts II,2005,2005,9.3,E10+,Tetsuya Nomura,Kazushige Nojima,Haley Joel Osment,Buena Vista Games,Japan
Assassin's Creed III,2012,2012,7.9,M,Shea Wageman,Alex Hutchinson,Noah Watts,Ubisoft Annecy,"October 30, 2012 (United States)"
Call of Duty: Black Ops Cold War,2020,2020,7.1,M,Craig Houston,Craig Houston,David Agranov,Treyarch,"Berlin, Germany"
Doki Doki Literature Club!,2017,2017,8.2,M,Dan Salvato,"September 22, 2017 (United States)",Official site,Team Salvato,Official site
Resident Evil Village: Shadows of Rose,2022,2022,7.4,M,Kento Kinoshita,Jeannie Tirado,Jeannie Tirado,"October 28, 2022 (Japan)",Jeannie Tirado
Final Fantasy XV,2016,2016,8.0,T,Hajime Tabata,Saori Itamuro,Tatsuhisa Suzuki,Square Enix Company,Official Facebook
Yakuza: Like a Dragon,2020,2020,8.6,M,Ryosuke Horii,Kazuhiro Nakaya,Kazuhiro Nakaya,Ryu Ga Gotoku Studio,"November 10, 2020 (United States)"
Big Rumble Boxing: Creed Champions,2021,2021,6.0,T,Eugene Elkin,Robbie Daymond,Robbie Daymond,"September 3, 2021 (United States)",Robbie Daymond
MultiVersus,2022,2022,6.9,T,Tony Huynh,Pendleton Ward,Matthew Lillard,Player First Games,Official Facebook
Doom Eternal,2020,2020,8.6,M,Hugo Martin,Hugo Martin,Darin De Paul,id Software,"New York, USA"
Assassin's Creed,2007,2007,8.0,M,Corey May,Kristen Bell,Kristen Bell,Ubisoft Montreal,"November 13, 2007 (United States)"
Halo 3,2007,2007,8.8,M,Joseph Staten,Joseph Staten,Tim Dadabo,Bungie Software,"September 25, 2007 (United States)"
Minecraft: Story Mode - A Telltale Games Series,2015,2015,6.5,E10+,Jason Latino,Jason Latino,Matt Allmer,Telltale Games,"October 13, 2015 (United States)"
Stray,2022,2022,8.4,E10+,Colas Koola,"July 19, 2022 (United States)",BlueTwelve Studio,BlueTwelve Studio,"July 19, 2022 (United States)"
A Plague Tale: Innocence,2019,2019,8.2,M,Kevin Choteau,Charlotte McBurney,Charlotte McBurney,Asobo Studio,"May 14, 2019 (United States)"
Wolfenstein II: The New Colossus,2017,2017,7.9,M,Fredrik Ljungdahl,Jens Matthies,Brian Bloom,MachineGames,"October 27, 2017 (United States)"
Ghost Recon: Wildlands,2017,2017,7.6,M,Laurent Bernier,C-Kan,Andrea Deck,Ubisoft Paris Studios,"March 7, 2017 (United States)"
Max Payne 2: The Fall of Max Payne,2003,2003,9.1,M,Sam Lake,James McCaffrey,James McCaffrey,Remedy Entertainment,"October 14, 2003 (United States)"
Call of Duty: Vanguard,2021,2021,6.1,M,JB Blanc,Tony Bedard,Laura Bailey,Sledgehammer Games,Pacific Ocean
Super Mario 64,1996,1996,9.1,K-A,Shigeru Miyamoto,Leslie Swan,Leslie Swan,Nintendo,"September 29, 1996 (United States)"
Battlefield 2042,2021,2021,3.3,M,Eric Holmes,Eric Holmes,Flora Barre,Digital Illusions CE (DICE),"November 19, 2021 (United States)"
Battlefield 1,2016,2016,8.1,M,Lars Gustavsson,Lars Gustavsson,Mikael Säker,Digital Illusions CE (DICE),"October 21, 2016 (United States)"
Baldur's Gate III,2023,2023,"(None,)",M,Beth Park,Beth Park,J.K. Simmons,Larian Studios,"August 31, 2023 (United States)"
Lego DC Super-Villains,2018,2018,7.8,E10+,Andrew Holt,Anthony Ingruber,Anthony Ingruber,DC Entertainment,"October 16, 2018 (United States)"
The Legend of Zelda: Ocarina of Time,1998,1998,9.6,E,Eiji Aonuma,Eiji Aonuma,Tôru Ôsawa,Nintendo Entertainment Analysis and Development (EAD) (I),"November 23, 1998 (United States)"
Sonic Frontiers,2022,2022,7.4,E10+,Morio Kishimoto,Roger Craig Smith,Roger Craig Smith,Sega,"November 8, 2022 (United States)"
Enter the Matrix,2003,2003,6.9,T,Lana Wachowski,Mary Alice,Mary Alice,EON Digital Entertainment,"Alameda, California, USA"
Coraline,2009,2009,7.6,"(None,)",Henry Selick,Dakota Fanning,Dakota Fanning,"January 27, 2009 (United States)",Dakota Fanning
The Evil Within,2014,2014,7.8,M,Shinji Mikami,Levi Bailey,Anson Mount,Tango Gameworks,"October 14, 2014 (United States)"
Assassin's Creed: Syndicate,2015,2015,7.8,M,Scott Phillips,Richard Farrese,Victoria Atkin,Ubisoft Quebec,"October 23, 2015 (United Kingdom)"
Disco Elysium,2019,2019,9.1,M,Robert Kurvitz,Mikee W. Goodman,Mikee W. Goodman,Za/Um,"October 15, 2019 (United States)"
Dead by Daylight,2016,2016,7.2,M,Ashley Pannell,David A.B.,David A.B.,Behaviour Interactive,Official Facebook
Prey,2017,2017,8.1,M,Raphael Colantonio,Chris Avellone,Walton Goggins,Arkane Studios,"May 5, 2017 (United States)"
The Elder Scrolls Online,2014,2014,7.5,M,Matt Firor,Kel Bachus,Kate Beckinsale,Bethesda Softworks,"April 4, 2014 (United States)"
Marvel Snap,2022,2022,7.7,"(None,)",Danny Koo,Danny Koo,Steve Ditko,Second Dinner,"October 18, 2022 (United States)"
Call of Duty,2003,2003,8.6,T,Keith Arem,Steve Blum,Steve Blum,Activision,"October 31, 2003 (United States)"
Batman Begins,2005,2005,8.2,T,Bob Kane,Bob Kane,Christian Bale,Eurocom Entertainment Software,"June 14, 2005 (United States)"
Street Fighter: The Movie,1995,1995,4.4,T,Takashi Nishiyama,Jean-Claude Van Damme,Jean-Claude Van Damme,Capcom Company,"June 30, 1995 (United States)"
Hitman 2,2018,2018,8.2,M,Jacob Mikkelsen,Michael Vogt,David Bateson,IO Interactive,"Miami, Florida, USA"
Demolition Man,1994,1994,7.3,T,Becky Allen,Becky Allen,Sylvester Stallone,Virgin Interactive Entertainment,"October 1, 1994 (United States)"
Predator: Hunting Grounds,2020,2020,6.1,M,Christopher Means,Arnold Schwarzenegger,Arnold Schwarzenegger,20th Century Studios,"April 24, 2020 (United States)"
Far Cry Primal,2016,2016,7.3,M,Jean-Christophe Guyot,Jean-Sebastien Decant,Elias Toufexis,Ubisoft,"February 23, 2016 (United States)"
Poppy Playtime,2021,2021,6.7,T,Isaac Christopherson,Seth Belanger,Nola Klop,MOB Games,"October 21, 2021 (United States)"
Returnal,2021,2021,8.1,M,Harry Krueger,Harry Krueger,Jane Perry,Housemarque,"April 30, 2021 (United States)"
Heavenly Sword,2007,2007,7.8,T,Ben Hibon,Andy Serkis,Anna Torv,Ninja Theory,"September 12, 2007 (United States)"
Tales of Arise,2021,2021,8.1,T,Hirokazu Kagawa,Takuya Sato,Takuya Sato,Bandai Namco Studios,"September 10, 2021 (United States)"
Persona 4 Golden,2012,2012,9.1,M,Daiki Itô,Daiki Itô,Katsura Hashino,Atlus,"November 20, 2012 (United States)"
NieR Replicant: ver.1.22474487139...,2021,2021,8.6,M,Yoko Taro,Barbara Goodson,Barbara Goodson,Square Enix Company,"April 23, 2021 (United States)"
Valorant,2020,2020,6.6,T,Afolabi Alli,Afolabi Alli,Afolabi Alli,Riot Games,Official Facebook
Brütal Legend,2009,2009,7.9,M,Tim Schafer,Jack Black,Jack Black,Double Fine Productions Inc.,"Record Surplus, 11609 West Pico Boulevard, Los Angeles, California, USA"
Back to the Future: The Game - 30th Anniversary Edition,2015,2015,8.0,T,Dave Grossman,Dave Grossman,Bob Gale,Telltale Games,Offical site
Harry Potter: Hogwarts Mystery,2018,2018,6.0,T,Chris DeWolfe,Kimberly Hamilton,Maggie Smith,Jam City,"April 25, 2018 (United States)"
Forza Horizon 5,2021,2021,8.6,E,Daniel McMahon,Scarlette Douglas,Scarlette Douglas,Playground Games,"November 9, 2021 (United States)"
What Remains of Edith Finch,2017,2017,8.6,T,Ian Dallas,Valerie Rose Lohman,Valerie Rose Lohman,Giant Sparrow,"April 25, 2017 (United States)"
Fallout 76,2018,2018,4.2,M,Todd Howard,Ron Perlman,Ron Perlman,Bethesda Game Studios,"November 14, 2018 (United States)"
Adventure at the Center of the Earth,2008,2008,6.2,"(None,)",Eric Brevig,Brendan Fraser,Brendan Fraser,Warner Bros.,"October 28, 2008 (United States)"
Ten Dates,2023,2023,7.8,"(None,)",Paul Raschid,Rosie Day,Rosie Day,Good Gate Media,"February 14, 2023 (United Kingdom)"
Crisis Core: Final Fantasy VII Reunion,2022,2022,8.3,T,Hajime Tabata,Kenichi Suzumura,Kenichi Suzumura,Square Enix Creative Business Unit I,"December 13, 2022 (Japan)"
Spider-Man: Edge of Time,2011,2011,6.7,T,Gérard Lehiany,Stan Lee,Josh Keaton,Activision,"October 4, 2011 (United States)"
Dead Island,2011,2011,7.2,M,Aljen Juchefskey,Pawel Selinger,Phil LaMarr,Deep Silver,"September 6, 2011 (United States)"
Spider-Man: Web of Shadows,2008,2008,7.8,T,Keith Arem,Mike Vaughn,Mike Vaughn,Marvel Enterprises,"October 21, 2008 (United States)"
Star Wars: Episode I - The Phantom Menace,1999,1999,6.6,T,Haden Blackman,Jake Lloyd,Jake Lloyd,1999 (Germany),Jake Lloyd
Star Wars: Squadrons,2020,2020,6.6,T,Ian S. Frazier,Peta Sergeant,Peta Sergeant,Electronic Arts (EA),Official Facebook
True Crime: Streets of LA,2003,2003,6.9,M,Peter Morawiec,Peter Morawiec,Russell Wong,Luxoflux,"October 28, 2004 (Japan)"
X-Men Origins: Wolverine,2009,2009,7.9,"(None,)",Margaret Tang,Marc Guggenheim,Hugh Jackman,Amaze Entertainment,"May 1, 2009 (United States)"
Undertale,2015,2015,8.8,E10+,Toby Fox,Jacob Assouline,Jacob Assouline,tobyfox,Kickstarter
Gears of War,2006,2006,8.5,M,Mo Davoudian,Rod Fergusson,John DiMaggio,Epic Games,"November 12, 2006 (United States)"
Wo Long: Fallen Dynasty,2023,2023,6.3,"(None,)",Fumihiko Yasuda,Masashi Tamaki,Masashi Tamaki,Koei Tecmo Games,"March 3, 2023 (United States)"
Devil May Cry 3: Dante's Awakening,2005,2005,8.5,M,Hideaki Itsuno,Adam D. Clark,Adam D. Clark,Capcom Company,"March 8, 2005 (United States)"
Borderlands,2009,2009,8.0,M,Matthew Armstrong,Matthew Armstrong,Julio Cesar Cedillo,Gearbox Software,"Plano, Texas, USA"
Titanfall 2,2016,2016,8.5,M,Steve Fukuda,Steve Fukuda,Matthew Mercer,Respawn Entertainment,"October 28, 2016 (United States)"
James Bond 007: Everything or Nothing,2003,2003,7.9,T,Scot Bayless,Danny Bilson,Pierce Brosnan,Danjaq,"February 18, 2004 (Canada)"
Outlast 2,2017,2017,7.5,"(None,)",J.T. Petty,Alex Weiner,Alex Weiner,Red Barrels,"April 25, 2017 (United States)"
Sons of the Forest,2023,2023,7.5,M,Sydney Doberstein,"February 23, 2023 (United States)",Endnight Games,Endnight Games,"February 23, 2023 (United States)"
World of Warcraft: Dragonflight,2022,2022,7.6,"(None,)",Ion Hazzikostas,Aaron Phillips,Aaron Phillips,Blizzard Entertainment,"November 28, 2022 (United States)"
Lego Marvel Super Heroes,2013,2013,8.2,E10+,Jon Burton,Arthur Parsons,Adrian Pasdar,Marvel Enterprises,"October 22, 2013 (United States)"
Hitman: Blood Money,2006,2006,8.8,M,Rasmus Højengaard,David Andriole,David Andriole,Eidos Interactive,"May 30, 2006 (United States)"
Bugsnax,2020,2020,7.4,E,Kevin Zuhn,Barbara Goodson,Barbara Goodson,"November 12, 2020 (United States)",Barbara Goodson
Halo 4,2012,2012,8.1,M,Frank O'Connor,Armando Troisi,Cas Anvar,343 Industries,"November 6, 2012 (United States)"
Stargate SG-1: Unleashed,2013,2013,8.1,"(None,)",Jacob Buettner,Richard Dean Anderson,Richard Dean Anderson,Arkalis Interactive,"March 7, 2013 (United States)"
Dragon Age II,2011,2011,7.5,M,Mark Darrah,Ferret Baudoin,Jo Wyatt,Bioware,"March 8, 2011 (United States)"
Grand Theft Auto: Liberty City Stories,2005,2005,7.9,M,David Bland,Dan Houser,Frank Vincent,Rockstar North,Official Facebook
Divinity: Original Sin II,2017,2017,8.8,M,Swen Vincke,Chris Avellone,Rachel Atkins,Larian Studios,"September 14, 2017 (United States)"
Demon Slayer: The Hinokami Chronicles,2021,2021,8.5,T,Kazuyoshi Futatsuka,Natsuki Hanae,Natsuki Hanae,Aniplex,"October 15, 2021 (United States)"
LEGO The Incredibles,2018,2018,7.3,E10+,Pete Gomer,Maeve Andrews,Maeve Andrews,Pixar Animation Studios,"June 15, 2018 (United States)"
Deathloop,2021,2021,7.6,M,Dinga Bakaba,Jason E. Kelley,Jason E. Kelley,Blindlight,"September 14, 2021 (France)"
Resident Evil Zero,2002,2002,7.7,M,Koji Oda,Anthony Tullo,Anthony Tullo,Capcom Company,"November 12, 2002 (United States)"
Disney Speedstorm,2023,2023,"(None,)",E,Tony Anselmo,Tony Anselmo,Tony Anselmo,2023 (United States),Tony Anselmo
Batman: Return to Arkham,2016,2016,9.2,T,Sefton Hill,Bob Kane,Mark Hamill,Rocksteady Studios,"October 18, 2016 (United States)"
Alice: Madness Returns,2011,2011,8.1,M,Benjamin Kerslake,Susie Brann,Susie Brann,Spicy Horse,"June 14, 2011 (United States)"
Spider-Man: Shattered Dimensions,2010,2010,7.7,T,Jose Pablo Gonzalez,Dan Slott,Neil Patrick Harris,Beenox,"September 7, 2010 (United States)"
Dead Space 2,2011,2011,8.8,M,Jeremy Bernstein,Gunner Wright,Gunner Wright,Visceral Games,"January 25, 2011 (United States)"
"I Have No Mouth, and I Must Scream",1995,1995,8.3,"(None,)",David Mullich,Harlan Ellison,Harlan Ellison,Cyberdreams,Harlan Ellison
Wolverine,2024,2024,"(None,)",M,Tyler Antonius,"February 23, 2024 (United States)",Insomniac Games,Insomniac Games,"February 23, 2024 (United States)"
Harry Potter and the Deathly Hallows: Part II,2011,2011,6.9,E10+,Matt Birch,Adam Sopp,Adam Sopp,Electronic Arts (EA),"July 12, 2011 (United States)"
Gears of War 4,2016,2016,7.8,M,Rod Fergusson,Liam McIntyre,Liam McIntyre,Goldtooth Creative,"October 11, 2016 (United States)"
Star Wars: Battlefront II,2005,2005,8.8,T,Eric 'Giz' Gewirtz,Bob Bergen,Bob Bergen,LucasArts Entertainment Company,"November 1, 2005 (United States)"
Def Jam: Fight for NY,2004,2004,8.4,M,Josh Holmes,Snoop Dogg,Snoop Dogg,AKI USA Inc.,"September 20, 2004 (United States)"
The Legend of Zelda: Twilight Princess,2006,2006,9.0,T,Eiji Aonuma,Akira Sasanuma,Akira Sasanuma,Nintendo Entertainment Analysis and Development (EAD) (I),"November 19, 2006 (United States)"
My Singing Monsters,2012,2012,8.5,E,Dave Kerr,Matthew Stewart,Matthew Stewart,Big Blue Bubble,"September 4, 2012 (United States)"
DmC: Devil May Cry,2013,2013,7.7,M,Tameem Antoniades,Tim Phillipps,Tim Phillipps,Ninja Theory,"January 15, 2013 (United States)"
Scarface: Money. Power. Respect.,2006,2006,9.0,M,Al Pacino,"October 8, 2006 (United States)",PlayStation Portable,PlayStation Portable,"October 8, 2006 (United States)"
Master X Master (MXM),2017,2017,"(None,)","(None,)",Orion Acaba,Orion Acaba,Orion Acaba,"June 21, 2017 (United States)",Orion Acaba
WWE SmackDown! Here Comes the Pain,2003,2003,8.5,T,Kurt Angle,Kurt Angle,Kurt Angle,THQ,"October 28, 2003 (United States)"
Prince of Persia: The Two Thrones,2005,2005,8.5,M,Kun Chang,Yuri Lowenthal,Yuri Lowenthal,Ubisoft Montreal,"Montréal, Québec, Canada"
LittleBigPlanet,2008,2008,8.1,E,Dong-hoon Choi,Dong-hoon Choi,Phil Lord,Media Molecule,"October 21, 2008 (United States)"
Need for Speed,2015,2015,6.6,T,Craig Sullivan,Faye Marsay,Faye Marsay,Ghost Games,"November 3, 2015 (United Kingdom)"
Gears of War 3,2011,2011,8.5,M,Aaron Linde,John DiMaggio,John DiMaggio,Epic Games,"September 20, 2011 (United States)"
Mario + Rabbids: Sparks of Hope,2022,2022,7.8,E10+,Davide Soliani,Yasuhiro Mamiya,Yasuhiro Mamiya,Maga Animation,"October 20, 2022 (United States)"
The Texas Chainsaw Massacre,2023,2023,"(None,)",M,Scout Taylor-Compton,Scout Taylor-Compton,Scout Taylor-Compton,Gun Media,"August 18, 2023 (United States)"
Bayonetta 3,2022,2022,7.9,M,Yusuke Miyata,Jennifer Hale,Jennifer Hale,Platinum Games,"October 28, 2022 (United States)"
Bayonetta Origins: Cereza and the Lost Demon,2023,2023,8.1,T,Abebe Tinari,Miyuki Sawashiro,Miyuki Sawashiro,Platinum Games,"March 17, 2023 (Japan)"
Little Nightmares,2017,2017,8.2,T,Dave Mervik,Anna Moberg,Anna Moberg,Tarsier Studios,"April 28, 2017 (United States)"
Little Nightmares II,2021,2021,8.6,T,Viktor Lidäng,"February 11, 2021 (United States)",Tarsier Studios,Tarsier Studios,"February 11, 2021 (United States)"
Turok,2008,2008,6.8,M,Josh Holmes,Gregory Cruz,Gregory Cruz,Propaganda Games,"February 5, 2008 (United States)"
"Warhammer 40,000: Darktide",2022,2022,7.6,"(None,)",Anders De Geer,Seroca Davis,Seroca Davis,"November 30, 2022 (United States)",Seroca Davis
Road 96,2021,2021,7.5,T,Yoan Fanise,Adi Alfa,Adi Alfa,DigixArt,2021 (France)
Honkai Impact 3rd,2017,2017,8.2,"(None,)",Rie Kugimiya,Rie Kugimiya,Rie Kugimiya,miHoyo,"October 19, 2017 (China)"
Sonic the Hedgehog,2006,2006,3.4,E10+,Shun Nakamura,Shun Nakamura,Lacey Chabert,Sega,"November 14, 2006 (United States)"
Left 4 Dead,2008,2008,8.3,M,Mike Booth,Chet Faliszek,Earl Alexander,Turtle Rock Studios,"November 18, 2008 (United States)"
Super Mario Sunshine,2002,2002,8.1,E,Yoshiaki Koizumi,Charles Martinet,Charles Martinet,Nintendo,"August 26, 2002 (United States)"
Roblox,2003,2003,6.2,E10+,John Shedletsky,AmazonWarrior5,AmazonWarrior5,"December 12, 2003 (United States)",AmazonWarrior5
Camp Buddy: Scoutmaster Season,2022,2022,7.7,"(None,)",Kiba Walker,Kiba Walker,Kiba Walker,"April 1, 2022 (United States)",Kiba Walker
Judgment,2018,2018,8.2,M,Koji Yoshida,Takeshi Furuta,Takuya Kimura,Ryu Ga Gotoku Studio,"December 13, 2018 (Taiwan)"
Vampyr,2018,2018,7.1,M,Philippe Moreau,Stéphane Beauverger,Anthony Howell,Dontnod Entertainment,"June 5, 2018 (United States)"
Deltarune,2018,2018,8.3,T,Toby Fox,"October 31, 2018 (United States)",tobyfox,tobyfox,"October 31, 2018 (United States)"
The Walking Dead: Onslaught,2020,2020,8.0,"(None,)",Andrew Abedian,Norman Reedus,Norman Reedus,Survios,"September 29, 2020 (United States)"
The X-Files Game,1998,1998,8.4,T,Greg Roach,Chris Carter,David Duchovny,Hyperbole Studios,"Federal Office Building - 909 1st Avenue, Seattle, Washington, USA"
Spider-Man: The City That Never Sleeps,2018,2018,8.2,"(None,)",Sam Maggs,Nichole Elise,Nichole Elise,"October 23, 2018 (United States)",Nichole Elise
Bendy and the Ink Machine,2017,2017,7.2,T,TheMeatly,TheMeatly,TheMeatly,Kindly Beast,"February 10, 2017 (United States)"
Five Nights at Freddy's Plus,2023,2023,"(None,)",Not Rated,Phil Morg,2023 (United States),ScottGames,ScottGames,2023 (United States)
Ultimate Custom Night,2018,2018,7.4,T,Scott Cawthon,Peter Baker,Peter Baker,"June 27, 2018 (United States)",Peter Baker
Indigo Prophecy,2005,2005,8.3,M,David Cage,David Gasman,David Gasman,Quantic Dream,"September 20, 2005 (United States)"
Splinter Cell,2002,2002,8.3,T,Richard M Dumont,Michael Ironside,Michael Ironside,Ubisoft Montreal,"November 17, 2002 (United States)"
Vampire: The Masquerade - Bloodlines,2004,2004,9.1,M,Jason Anderson,Justin Achilli,André Sogliuzzo,Troika Games,"November 16, 2004 (United States)"
Doki Doki Literature Club Plus!,2021,2021,8.6,M,Dan Salvato,"June 30, 2021 (United States)",Serenity Forge,Serenity Forge,"June 30, 2021 (United States)"
Mortal Kombat vs. DC Universe,2008,2008,6.6,T,Dominic Cianciolo,Ed Boon,Chase Ashbaker,DC Comics,"November 16, 2008 (United States)"
Toca Life: World,2021,2021,6.8,"(None,)",Javier Rodríguez Macpherson,"January 5, 2021 (Spain)",Macpherson Pictures,Macpherson Pictures,"January 5, 2021 (Spain)"
Darksiders,2010,2010,7.8,M,Keith Arem,Troy Baker,Troy Baker,"January 5, 2010 (United States)",Troy Baker
Battlefield 3,2011,2011,8.1,M,Tom Keegan,Gideon Emery,Gideon Emery,Digital Illusions CE (DICE),"October 25, 2011 (United States)"
Five Nights at Freddy's 3,2015,2015,6.4,T,Scott Cawthon,"March 2, 2015 (United States)",ScottGames,ScottGames,"March 2, 2015 (United States)"
Teardown,2020,2020,8.2,"(None,)",Dennis Gustafsson,"October 29, 2020 (United States)",Tuxedo Labs,Tuxedo Labs,"October 29, 2020 (United States)"
Donkey Kong 64,1999,1999,8.1,E,George Andreas,Kevin Bayliss,Kevin Bayliss,Rare,"November 24, 1999 (United States)"
Bayonetta,2009,2009,7.9,M,Hideki Kamiya,Hellena Taylor,Hellena Taylor,Platinum Games,"January 5, 2010 (United States)"
Dragon Ball Z: Kakarot,2020,2020,8.1,T,Akihiro Anai,Terri Doty,Sean Schemmel,CyberConnect2,BANDAI NAMCO Entertainment
Star Wars: Battlefront,2015,2015,6.7,T,Hez Chorba,Anna Acton,Anna Acton,Digital Illusions CE (DICE),"November 17, 2015 (United States)"
South Park: Phone Destroyer,2017,2017,6.2,M,Trey Parker,Trey Parker,Trey Parker,RedLynx,"November 9, 2017 (United States)"
Plants vs. Zombies,2009,2009,7.9,E10+,Stephen Notley,Tommy Abuel,Tommy Abuel,Popcap Games,"May 5, 2009 (United States)"
Five Nights at Freddy's World,2016,2016,5.4,E10+,Scott Cawthon,Jesse Adam,Jesse Adam,"January 22, 2016 (United States)",Jesse Adam
Need for Speed: Underground,2003,2003,7.9,E,Nacho Aldeguer,Nacho Aldeguer,Nacho Aldeguer,Electronic Arts Blackbox,"November 17, 2003 (United States)"
Command & Conquer: Red Alert 3 - Uprising,2009,2009,7.7,T,Richard Taylor,Gemma Atkinson,Gemma Atkinson,March 2009 (United States),Gemma Atkinson
Deus Ex: Mankind Divided,2016,2016,7.9,M,Jean-François Dugas,Mary DeMarle,Elias Toufexis,Eidos Montreal,"Tokyo, Japan"
Ni no Kuni: Wrath of the White Witch,2011,2011,8.6,E10+,Kentaro Motomura,Adam Wilson,Adam Wilson,Level-5,"January 22, 2013 (United States)"
Stranglehold,2007,2007,7.9,M,Brian Eddy,Chow Yun-Fat,Chow Yun-Fat,Midway Amusement Games LLC,"August 6, 2007 (United States)"
Sonic Adventure,1998,1998,7.7,E,Takashi Iizuka,Jun'ichi Kanemaru,Jun'ichi Kanemaru,Sonic Team,"Cancún, Benito Juárez, Quintana Roo, Mexico"
New Super Mario Bros.,2006,2006,8.2,E,Shigeyuki Asuke,Charles Martinet,Charles Martinet,Nintendo,"May 15, 2006 (United States)"
World of Warcraft: Shadowlands,2020,2020,6.5,T,JB Blanc,Aaron Phillips,Aaron Phillips,Blizzard Entertainment,"November 23, 2020 (United States)"
The Walking Dead: Michonne,2016,2016,7.0,M,Kent Mudle,Erica Harrell,Samira Wiley,Telltale Games,"February 23, 2016 (United States)"
The Mummy: Tomb of the Dragon Emperor,2008,2008,5.6,T,Lloyd Fonvielle,Lloyd Fonvielle,Brendan Fraser,Artificial Mind & Movement (A2M),"July 22, 2008 (United States)"
ARK: Genesis - Part 2,2021,2021,3.0,T,Jesse Rapczak,Vin Diesel,Vin Diesel,"June 3, 2021 (United States)",Vin Diesel
Disco Elysium - The Final Cut,2021,2021,9.3,M,Lenval Brown,Lenval Brown,Lenval Brown,"March 30, 2021 (United Kingdom)",Lenval Brown
Leisure Suit Larry: Magna Cum Laude,2004,2004,6.0,"(None,)",Joshua VanVeld,George Adams,George Adams,High Voltage Software,"October 5, 2004 (United States)"
Final Fantasy XII,2006,2006,8.1,T,Hiroshi Minagawa,Bobby Edner,Bobby Edner,Square Enix Company,"October 31, 2006 (United States)"
Wolfenstein: Youngblood,2019,2019,5.1,M,Dinga Bakaba,Valerie Rose Lohman,Valerie Rose Lohman,MachineGames,"July 26, 2019 (United States)"
Ultimate Spider-Man,2005,2005,7.7,T,Chris Busse,Brian Michael Bendis,Sean Marquette,Marvel Enterprises,"September 26, 2005 (United States)"
Grounded,2020,2020,6.4,E10+,Adam Brennecke,Andy Artz,Zachary Levi,Obsidian Entertainment,"June 16, 2020 (United States)"
Off the Grid,"(None,)",Stars,"(None,)","(None,)",Neill Blomkamp,Melice Bell,Melice Bell,Gunzilla Games,Melice Bell
LittleBigPlanet 3,2014,2014,7.0,E,Chris Olsen,Bob Baldwin,Lewis Macleod,Plastic Wax Studios,"November 18, 2014 (United States)"
Mario Kart: Double Dash!!,2003,2003,8.5,E,Daiji Imai,Charles Martinet,Charles Martinet,Nintendo Entertainment Analysis and Development (EAD) (I),Nintendo [eu]
Five Nights at Freddy's 4: The Final Chapter,2015,2015,6.8,T,Scott Cawthon,"July 23, 2015 (United States)",ScottGames,ScottGames,"July 23, 2015 (United States)"
Omori,2020,2020,9.1,M,Omocat,Omocat,Omocat,"December 25, 2020 (United States)",Omocat
Dead Rising,2006,2006,7.9,M,Yoshinori Kawano,Terence J. Rotolo,Terence J. Rotolo,Capcom Company,"August 8, 2006 (United States)"
New Super Mario Bros. Wii,2009,2009,8.2,E,Shigeyuki Asuke,Dan Falcone,Dan Falcone,Nintendo Entertainment Analysis and Development (EAD) (I),"November 15, 2009 (United States)"
The Simpsons Game,2007,2007,7.4,T,Ralph Sosa,Matt Selman,Dan Castellaneta,Electronic Arts (EA) Redwood Shores,"October 30, 2007 (United States)"
Warframe,2013,2013,7.3,T,Steve Sinclair,A.M. Driver,A.M. Driver,Digital Extremes,"March 25, 2013 (United States)"
Octopath Traveler,2018,2018,7.7,T,Keisuke Miyauchi,Cristina Valenzuela,Cristina Valenzuela,Aquire,"July 13, 2018 (United States)"
For Honor,2017,2017,6.4,M,Laurent Bernier,Laurent Bernier,Jeremy Bernstein,Ubisoft Montreal,"February 14, 2017 (United States)"
Call of Duty: Warzone,2020,2020,6.6,M,Demetrius Grosse,Demetrius Grosse,Demetrius Grosse,Infinity Ward,"March 10, 2020 (United States)"
Pirates of the Caribbean: The Legend of Jack Sparrow,2006,2006,7.8,T,Johnny Depp,Johnny Depp,Johnny Depp,7 Studios,"May 30, 2006 (United States)"
Observer,2017,2017,7.5,M,Mariusz Szaflik,Rutger Hauer,Rutger Hauer,Bloober Team,"August 15, 2017 (United States)"
World of Warcraft: Battle for Azeroth,2018,2018,7.2,T,Alex Afrasiabi,Abigail Marlowe,Abigail Marlowe,Blizzard Entertainment,"August 14, 2018 (United States)"
Deus Ex: Human Revolution,2011,2011,8.6,M,Jean-François Dugas,Mary DeMarle,Elias Toufexis,Eidos Interactive,"Montréal, Québec, Canada"
Black Desert Online,2015,2015,5.5,"(None,)",Christopher Bevins,Katabelle,Katabelle,Official Facebook,"March 3, 2016 (United States)"
Crash Bandicoot: The Wrath of Cortex,2001,2001,7.6,E,Jon Burton,Clancy Brown,Clancy Brown,Traveller's Tales,"October 29, 2001 (United States)"
Street Fighter V,2016,2016,6.2,T,Jonathan Klein,Hiroki Takahashi,Hiroki Takahashi,Capcom Company,"February 16, 2016 (United States)"
Lego Jurassic World,2015,2015,7.9,E10+,Jon Burton,Peter Buchman,Carlos Alazraqui,Amblin Entertainment,"June 12, 2015 (United States)"
Prince of Persia,2008,2008,7.6,T,Andrew S. Walsh,Tam Evans,Tam Evans,Sophie's People,"December 2, 2008 (United States)"
WWE 2K20,2019,2019,3.1,T,Patrick Hegarty,A.J. Kirsch,A.J. Kirsch,2K Games,"October 22, 2019 (United States)"
Hello Neighbor,2017,2017,5.3,E10+,Christine Clarke,Christine Clarke,Christine Clarke,Dynamic Pixels,"December 8, 2017 (United States)"
Rage 2,2019,2019,6.5,M,Tim Willits,Amanda Céline Miller,Amanda Céline Miller,id Software,"May 14, 2019 (United States)"
Fallout 2: A Post-Nuclear Role-Playing Game,1998,1998,9.5,M,Feargus Urquhart,Charlie Adler,Charlie Adler,Interplay Entertainment,"October 29, 1998 (United States)"
Soma,2015,2015,8.4,T,Mikael Hedberg,Jared Zeus,Jared Zeus,"September 22, 2015 (United States)",Jared Zeus
Aliens: Colonial Marines,2013,2013,4.8,M,Brett Norton,Mikey Neumann,Michael Biehn,Demiurge Studios,"February 12, 2013 (United States)"
Super Mario Galaxy 2,2010,2010,9.0,E,Koichi Hayashida,Charles Martinet,Charles Martinet,Nintendo Entertainment Analysis and Development (EAD) (I),"May 23, 2010 (United States)"
Justice League: Cosmic Chaos,2023,2023,"(None,)","(None,)",Heather Corson,Heather Corson,Nolan North,DeeDee Animation Studio,"March 10, 2023 (United States)"
Crash Bandicoot: Warped,1998,1998,8.8,E,Andrew S. Gavin,Clancy Brown,Clancy Brown,Naughty Dog,"October 31, 1998 (United States)"
Candy Crush Saga,2012,2012,5.4,"(None,)",Joe Cipriano,"April 12, 2012 (Sweden)",Midasplayer,Midasplayer,"April 12, 2012 (Sweden)"
WWE SmackDown! vs. RAW,2004,2004,7.4,T,Kurt Angle,Kurt Angle,Kurt Angle,THQ,"November 2, 2004 (United States)"
The Blackout Club,2019,2019,6.8,"(None,)",Jordan Thomas,Ashly Burch,Ashly Burch,Question,"July 30, 2019 (United States)"
The Awesome Adventures of Captain Spirit,2018,2018,7.2,M,Raoul Barbet,Raoul Barbet,Chandler Mantione,Dontnod Entertainment,"June 25, 2018 (United States)"
Star Trek: Generations,1997,1997,7.0,"(None,)",Simon Ffinch,Steve Tsai,Patrick Stewart,MicroProse Software Inc.,"May 21, 1997 (United States)"
Jak and Daxter: The Precursor Legacy,2001,2001,8.6,E10+,Andrew S. Gavin,Max Casella,Max Casella,Naughty Dog,"December 4, 2001 (United States)"
Ratchet & Clank,2016,2016,8.0,E10+,Brian Allgeier,James Arnold Taylor,James Arnold Taylor,Insomniac Games,"April 12, 2016 (United States)"
Pillars of Eternity,2015,2015,7.8,M,Eric Fenstermaker,Eric Fenstermaker,Valerie Arem,Obsidian Entertainment,"March 26, 2015 (United States)"
Fortnite: Chapter 2,2019,2019,4.9,"(None,)",Tim Sweeney,Troy Baker,Troy Baker,Epic Games,"New York City, New York, USA"
Mario Kart 8 Deluxe,2017,2017,8.6,E,Yusuke Shiraiwa,Tomo Adachi,Tomo Adachi,Nintendo Entertainment Planning & Development (EPD),"April 28, 2017 (Japan)"
Freddy Fazbear's Pizzeria Simulator,2017,2017,7.0,T,Scott Cawthon,Heather Masters,Heather Masters,"December 4, 2017 (United States)",Heather Masters
Tell Me Why,2020,2020,6.9,M,Florent Guillaume,August Aiden,August Aiden,Dontnod Entertainment,"August 27, 2020 (United States)"
Naruto x Boruto: Ultimate Ninja Storm Connections,2023,2023,"(None,)","(None,)",Matthew Mercer,Matthew Mercer,Matthew Mercer,CyberConnect2,2023 (United States)
Catherine,2011,2011,8.0,M,Katsura Hashino,Yûichirô Tanaka,Kôichi Yamadera,Atlus,"July 26, 2011 (United States)"
Outlast: Whistleblower,2014,2014,8.4,M,J.T. Petty,Shawn Baichoo,Shawn Baichoo,Red Barrels,"May 6, 2014 (United States)"
The Sims 4,2014,2014,6.9,T,Kevin Hogan,Brad Adamson,Brad Adamson,Maxis Software Inc.,"September 2, 2014 (United States)"
Hotline Miami,2012,2012,8.3,M,Jonatan Söderström,"October 23, 2012 (United States)",Dennaton Games,Dennaton Games,"October 23, 2012 (United States)"
Guild Wars 2,2012,2012,8.3,T,Peter Fries,Peter Fries,Steve Blum,ArenaNet,"August 28, 2012 (United States)"
Nioh,2017,2017,7.9,M,Yosuke Hayashi,Yosuke Hayashi,Akira Kurosawa,Koei Tecmo Games,"February 7, 2017 (United States)"
The Bourne Conspiracy,2008,2008,7.2,T,Emmanuel Valdez,Franka Potente,Franka Potente,Full Moon Studios,"June 3, 2008 (United States)"
Wing Commander IV: The Price of Freedom,1995,1995,8.8,"(None,)",Chris Roberts,Mark Hamill,Mark Hamill,Origin Systems,"Ren-Mar Studios - 846 N. Cahuenga Blvd., Hollywood, Los Angeles, California, USA"
Mortal Kombat 11: Ultimate,2020,2020,8.4,M,Ed Boon,"November 17, 2020 (United States)",NetherRealm Studios,NetherRealm Studios,"November 17, 2020 (United States)"
Power Rangers: Battle for the Grid,2019,2019,5.8,T,Kyle Higgins,Jason David Frank,Jason David Frank,nWay,"March 26, 2019 (United States)"
Psychonauts,2005,2005,8.6,T,Tim Schafer,Richard Steven Horvitz,Richard Steven Horvitz,Double Fine Productions Inc.,"April 19, 2005 (United States)"
The Division 2,2019,2019,7.7,M,Julian Gerighty,John Björling,Karim Theilgaard,Massive Entertainment,"March 15, 2019 (United States)"
Postal 2,2003,2003,7.6,M,Mike Riedel,Mike Riedel,Rick Hunter,Running With Scissors,"Tucson, Arizona, USA"
X-Men Legends II: Rise of Apocalypse,2005,2005,8.2,T,Robert Love,Patrick Stewart,Patrick Stewart,Barking Lizards Technologies,"September 21, 2005 (United States)"
Agony,2018,2018,4.0,AO,Tomasz Dutkiewicz,Karen Strassman,Karen Strassman,Madmind Studio,"May 29, 2018 (United States)"
The Long Dark,2014,2014,7.8,T,Raphael van Lierop,Jennifer Hale,Jennifer Hale,Hinterland Games,Official Facebook
Iron Man,2008,2008,6.8,T,Jeffrey Tseng,Don Heck,Robert Downey Jr.,Artificial Mind & Movement (A2M),"May 2, 2008 (United States)"
Dota 2,2013,2013,8.2,T,Erik Johnson,Joey Bracken,Dee Bradley Baker,Valve,"July 9, 2013 (United States)"
The DioField Chronicle,2022,2022,6.8,T,Hirofumi Fukui,Nobuhiko Okamoto,Nobuhiko Okamoto,Lancarse,"September 22, 2022 (United States)"
Madagascar,2005,2005,6.7,E10+,Wally Wingert,Wally Wingert,Wally Wingert,LeapFrog,May 2005 (United States)
Higan: Eruthyll,2023,2023,"(None,)","(None,)",Amber Lee Connors,Emeri Chase,Emeri Chase,"April 6, 2023 (United States)",Emeri Chase
Call of Duty: Modern Warfare Remastered,2016,2016,8.4,M,Jason West,Jesse Stern,Billy Murray,Infinity Ward,"November 4, 2016 (United States)"
The Witcher 3: Wild Hunt - Hearts of Stone,2015,2015,9.5,M,Konrad Tomaszkiewicz,Doug Cockle,Doug Cockle,"October 13, 2015 (Poland)",Doug Cockle
Undisputed,2023,2023,"(None,)","(None,)",Ash Habib,Muhammad Ali,Muhammad Ali,Steel City Interactive,"January 31, 2023 (United States)"
Toy Story 3: The Video Game,2010,2010,7.5,E,Scott Kiraly,Courtney Bergin,Jack Angel,Asobo Studio,"June 15, 2010 (United States)"
The Legend of Zelda: Skyward Sword,2011,2011,8.3,E10+,Hidemaro Fujibayashi,Takashi Ôhara,Takashi Ôhara,Nintendo Entertainment Analysis and Development (EAD) (I),Official site (Australia)
Need for Speed: Underground 2,2004,2004,8.1,E,Chuck Osieja,Kelly Brook,Kelly Brook,Electronic Arts (EA),November 2004 (United States)
Bendy and the Dark Revival,2022,2022,7.9,T,TheMeatly,Erin Lehn,Erin Lehn,Kindly Beast,"November 15, 2022 (United States)"
Command & Conquer: Red Alert,1996,1996,8.5,T,Joseph D. Kucan,John Scott Lewinski,Arthur Roberts,Westwood Studios Inc.,"November 22, 1996 (United States)"
The Mortuary Assistant,2022,2022,7.3,"(None,)",Brian Clarke,Melissa Medina,Melissa Medina,Darkstone Digital,"August 2, 2022 (United States)"
The Stanley Parable: Ultra Deluxe,2022,2022,8.7,E10+,William Pugh,Kevan Brighting,Kevan Brighting,Crows Crows Crows,"April 27, 2022 (United States)"
Resident Evil: The Umbrella Chronicles,2007,2007,7.2,M,Hidé Gondoh,Karen Strassman,Karen Strassman,Capcom Company,"November 3, 2007 (United States)"
Goat Simulator,2014,2014,5.7,M,Marie Ekberg,Marie Ekberg,Marie Ekberg,Coffee Stain Studios,"April 1, 2014 (United States)"
Star Wars: Jedi Knight - Dark Forces II,1997,1997,8.5,"(None,)",Scott Ewers,Jason Court,Jason Court,LucasArts Entertainment Company,"October 9, 1997 (United States)"
Yakuza 6: The Song of Life,2016,2016,8.5,M,Hiroyuki Sakamoto,Takaya Kuroda,Takaya Kuroda,Ryu Ga Gotoku Studio,"April 17, 2018 (United States)"
Mario Kart 64,1996,1996,8.7,E,Hideki Konno,Asako Haruhana,Asako Haruhana,Nintendo Entertainment Analysis and Development (EAD) (I),"February 12, 1997 (United States)"
Dragon Quest XI: Echoes of an Elusive Age,2017,2017,8.6,T,Takeshi Uchikawa,Rasmus Hardiker,Rasmus Hardiker,Armor Project,"September 4, 2018 (United States)"
Broken Age,2014,2014,7.7,E10+,Tim Schafer,Elijah Wood,Elijah Wood,Double Fine Productions Inc.,"January 28, 2014 (United States)"
Rule of Rose,2006,2006,7.9,M,Shuji Ishikawa,Jo Wyatt,Jo Wyatt,Punchline Company,"September 12, 2006 (United States)"
Over the Hedge,2006,2006,6.7,E10+,T. Lewis,Stephen Stanton,Stephen Stanton,Xbox,"May 9, 2006 (United States)"
Sword of the Berserk: Guts' Rage,1999,1999,7.9,M,Yoshio Togiya,Michael Bell,Michael Bell,Yuke's Media Creations,"March 15, 2000 (United States)"
The Wolf Among Us 2,2023,2023,"(None,)",M,Nick Herman,2023 (United States),AdHoc Studio,AdHoc Studio,2023 (United States)
Saints Row: Gat Out of Hell,2015,2015,6.3,M,Daniel Dae Kim,Daniel Dae Kim,Daniel Dae Kim,Volition Inc.,"January 27, 2015 (United States)"
Sonic Generations,2011,2011,7.9,E,Hiroshi Miyamoto,Warren Graff,Jun'ichi Kanemaru,Devil's Details,Official site (United States)
Euro Truck Simulator 2,2012,2012,8.0,"(None,)",Skye Bennett,"October 19, 2012 (Czech Republic)",SCS Software,SCS Software,"October 19, 2012 (Czech Republic)"
King's Quest,2015,2015,7.9,E10+,Matt Korba,Matt Korba,Christopher Lloyd,Hexany Audio,"July 28, 2015 (United States)"
Star Wars: Jedi Knight - Jedi Academy,2003,2003,8.4,T,Michael Chang Gummelt,Philip Tanzini,Philip Tanzini,LucasArts Entertainment Company,"September 16, 2003 (United States)"
Persona 3 Portable,2009,2009,8.3,M,Katsura Hashino,Marina Inoue,Marina Inoue,Atlus,"July 6, 2010 (United States)"
Dragon Ball Z: Shin Budokai - Another Road,2007,2007,7.8,T,Akira Toriyama,Laura Bailey,Laura Bailey,Dimps Corporation,"March 20, 2007 (United States)"
Devil May Cry 2,2003,2003,5.9,M,Hideaki Itsuno,Masashi Takimoto,Flo Di Re,Capcom Company,"January 25, 2003 (United States)"
Asura's Wrath,2012,2012,7.7,T,Seiji Shimoda,Yasuhiro Noguchi,Liam O'Brien,Capcom Company,Japan
James Bond 007: Blood Stone,2010,2010,7.5,T,Kate Saxon,Daniel Craig,Daniel Craig,Bizarre Creations,"November 2, 2010 (United States)"
HuniePop,2014,2014,7.6,AO,Ryan Koons,Kaskia,Jaclyn Aimee,"December 20, 2014 (United States)",Kaskia
Rage,2011,2011,7.2,M,Matthew Costello,Amanda Troop,Amanda Troop,id Software,"October 4, 2011 (United States)"
God Hand,2006,2006,8.0,M,Shinji Mikami,Beng Spies,Beng Spies,Clover Studio Company,"October 10, 2006 (United States)"
Splinter Cell: Conviction,2010,2010,8.1,M,Richard Dansky,Richard Dansky,Michael Ironside,Ubisoft Montreal,"February 23, 2010 (United States)"
Darksiders II,2012,2012,7.8,M,Keith Arem,Michael Wincott,Michael Wincott,Vigil Games,"August 14, 2012 (United States)"
The Getaway,2002,2002,7.9,M,Brendan McNamara,Don Kembry,Don Kembry,"Piccadilly, Mayfair, Westminster, Greater London, England, UK","January 19, 2003 (United States)"
Brothers: A Tale of Two Sons,2013,2013,8.2,T,Josef Fares,Norea Sjöquist,Norea Sjöquist,Starbreeze Studios,-Launch Trailer (PS4)
PlayerUnknown's Battlegrounds,2017,2017,6.4,T,Brendan Greene,"December 12, 2017 (United States)",Hexany Audio,Hexany Audio,"December 12, 2017 (United States)"
The Complex,2020,2020,6.5,"(None,)",Paul Raschid,Michelle Mylett,Michelle Mylett,Little Jade Productions,"England, UK"
Evil Dead: Regeneration,2005,2005,8.2,M,Sam Raimi,Bruce Campbell,Bruce Campbell,Cranky Pants Games,"September 13, 2005 (United States)"
Steven Spielberg's Director's Chair,1996,1996,6.0,"(None,)",Steven Spielberg,Jennifer Aniston,Jennifer Aniston,Knowledge Adventure,"November 1, 1996 (United States)"
Skate 3,2010,2010,8.2,T,Danny Way,Danny Way,Danny Way,Black Box Games,"May 11, 2010 (United States)"
Conan Exiles,2017,2017,5.3,M,Joel Bylos,Robin Atkin Downes,Robin Atkin Downes,Funcom,"Oslo, Norway"
Martha Is Dead,2022,2022,7.0,M,Luca Dalcò,Annie Warburton,Annie Warburton,"February 24, 2022 (United States)",Annie Warburton
Path to Nowhere,2022,2022,"(None,)",T,Luis Bermudez,Luis Bermudez,Luis Bermudez,AISNOGames,Game reservation bilibili game
The Legend of Spyro: Dawn of the Dragon,2008,2008,7.1,E10+,Jean-Marie Nazaret,Elijah Wood,Elijah Wood,Tantalus Media,"October 21, 2008 (United States)"
Finding Nemo,2003,2003,7.2,E,Michael Humes,Albert Brooks,Albert Brooks,Traveller's Tales,"November 11, 2003 (Germany)"
The Legend of Zelda,1986,1986,8.6,E,Shigeru Miyamoto,"August 22, 1987 (United States)",Nintendo Entertainment Analysis and Development (EAD) (I),Nintendo Entertainment Analysis and Development (EAD) (I),"August 22, 1987 (United States)"
Primal,2003,2003,7.5,M,Jonathan Ashley,Hudson Leick,Hudson Leick,Sony Computer Entertainment Europe,"March 26, 2003 (United States)"
Tetris,1988,1988,7.8,"(None,)",Alexey Pazhitnov,December 1988 (Japan),Sega Enterprises,Sega Enterprises,December 1988 (Japan)
Destroy All Humans!,2020,2020,7.0,T,Onurhan Karaagacli,Hans-Jörg Knabel,J. Grant Albrecht,Black Forest Games,"July 28, 2020 (United States)"
Demon's Souls,2009,2009,8.6,M,Hidetaka Miyazaki,Aditi Tanna,Aditi Tanna,From Software,"October 7, 2009 (United States)"
Seaquest DSV,1994,1994,7.8,E,Jeff Peters,Royce D. Applegate,Royce D. Applegate,Sculptured Software Inc.,1994 (United States)
The Walking Dead: Saints & Sinners,2020,2020,7.9,M,Mark Domowicz,Nick Bragg,Bumper Robinson,Skydance Interactive,Gamepedia page (Wiki for games)
Yakuza Kiwami,2016,2016,8.1,M,Hiroyuki Sakamoto,Takaya Kuroda,Takaya Kuroda,Ryu Ga Gotoku Studio,"August 29, 2017 (United States)"
Batman: Arkham City - Catwoman,2011,2011,8.1,T,Troy Baker,Troy Baker,Troy Baker,"October 18, 2011 (United States)",Troy Baker
Persona 3 FES,2007,2007,9.0,M,Katsura Hashino,Akira Ishida,Akira Ishida,Atlus,"April 22, 2008 (United States)"
The Elder Scrolls Online: Morrowind,2017,2017,7.5,M,Matt Firor,Alfred Molina,Alfred Molina,ZeniMax Online Studios,"June 6, 2017 (United States)"
Sly Cooper: Thieves in Time,2013,2013,8.0,E10+,Roque Ballesteros,Roque Ballesteros,Kevin Miller,Sanzaru Games,"February 5, 2013 (Brazil)"
Legacy of Kain: Soul Reaver,1999,1999,8.4,M,Amy Hennig,Amy Hennig,Michael Bell,Crystal Dynamics,"August 6, 1999 (United States)"
CSI: Miami,2004,2004,6.6,M,Larry Detwiler,David Caruso,David Caruso,CBS,2004 (United States)
Super Smash Bros.,1999,1999,8.4,E,Masahiro Sakurai,Masahiro Sakurai,Charles Martinet,HAL Laboratory,"April 26, 1999 (United States)"
Fortnite: Chapter 4,2022,2022,7.0,"(None,)",Natsuko Aoike,Natsuko Aoike,Natsuko Aoike,"December 4, 2022 (United States)",Natsuko Aoike
The Walking Dead: The Telltale Definitive Series,2019,2019,9.2,M,Dave Fennoy,Dave Fennoy,Dave Fennoy,Skybound Entertainment,"September 10, 2019 (United States)"
Just Cause 2,2010,2010,7.5,M,Odd Ahlgren,Odd Ahlgren,Alan Adler,"March 23, 2010 (United States)",Odd Ahlgren
Shin Megami Tensei: Persona 4,2008,2008,9.2,M,Katsura Hashino,Daisuke Namikawa,Daisuke Namikawa,Atlus,"December 9, 2008 (United States)"
Mercenaries: Playground of Destruction,2005,2005,8.1,T,Cameron Brown,Peter Stormare,Peter Stormare,Pandemic Production,"January 10, 2005 (United States)"
Family Guy,2006,2006,7.2,M,Steve Callaghan,Steve Callaghan,Seth MacFarlane,20th Century Fox Television,"October 3, 2006 (United States)"
World War Z,2019,2019,6.6,M,Oliver Hollis,Yoshi Ando,Yoshi Ando,Mad Dog Games,"New York City, New York, USA"
Minecraft Legends,2023,2023,"(None,)","(None,)",Cristina Valenzuela,Cristina Valenzuela,Cristina Valenzuela,Mojang,"April 18, 2023 (United States)"
Destroy All Humans!,2005,2005,7.7,T,Brad Welch,J. Grant Albrecht,J. Grant Albrecht,Pandemic Production,"Brisbane, Queensland, Australia"
Dislyte,2022,2022,8.1,"(None,)",Daniel Amerman,Daniel Amerman,Daniel Amerman,"May 10, 2022 (United States)",Daniel Amerman
Full Throttle,1995,1995,8.6,T,Tim Schafer,Roy Conrad,Roy Conrad,LucasArts Entertainment Company,"April 30, 1995 (United States)"
Rayman Legends,2013,2013,8.2,E10+,Michel Ancel,"September 3, 2013 (United States)",Ubisoft Casablanca,Ubisoft Casablanca,"September 3, 2013 (United States)"
Tekken 4,2001,2001,7.3,T,Katsuhiro Harada,Masanori Shinohara,Masanori Shinohara,Namco,"September 23, 2002 (United States)"
House Party,2017,2017,7.0,M,Bobby Ricci,Dan Avidan,Dan Avidan,"June 30, 2017 (United States)",Dan Avidan
My Talking Tom,2013,2013,4.4,E,Talking Tom,"November 15, 2013 (United Kingdom)",Outfit7,Outfit7,"November 15, 2013 (United Kingdom)"
Tales of Symphonia,2003,2003,8.5,T,Yoshito Higuchi,Katsuyuki Konishi,Katsuyuki Konishi,Namco Tales Studio Ltd.,Namco (GameCube version) (Japan)
Metal: Hellsinger,2022,2022,7.0,T,Shila Vikström,Cash DeCuir,Cash DeCuir,The Outsiders,"September 15, 2022 (United States)"
Final Fantasy X-2,2003,2003,7.0,T,Motomu Toriyama,Hedy Burress,Hedy Burress,Square Enix Company,"November 18, 2003 (United States)"
Final Fantasy VII: The First Soldier,2021,2021,7.2,"(None,)",Tetsuya Nomura,Grace Rolek,Grace Rolek,Ateam,2021 (Japan)
Skylanders: Trap Team,2014,2014,7.2,E10+,Amanda Wyatt,Jonathan Adams,Jonathan Adams,Toys For Bob,"October 5, 2014 (United States)"
WWE SmackDown vs. RAW 2011,2010,2010,7.7,T,Justin Leeper,Justin Leeper,Aaron Aguilera,THQ,"October 26, 2010 (United States)"
The Saboteur,2009,2009,7.9,M,Trey Watkins,Robin Atkin Downes,Robin Atkin Downes,Pandemic Studios,"December 8, 2009 (United States)"
Silent Hill: Shattered Memories,2009,2009,7.8,M,Yoshi Aoyagi,Yoshi Aoyagi,Sam Barlow,Climax,"February 12, 2010 (United Kingdom)"
Grand Theft Auto Advance,2004,2004,5.9,M,James Stanley,"October 25, 2004 (United States)",Digital Eclipse,Digital Eclipse,"October 25, 2004 (United States)"
HuniePop 2: Double Date,2021,2021,7.2,AO,Ryan Koons,Jaclyn Aimee,Jaclyn Aimee,Huniepot,"February 8, 2021 (United States)"
Zombieland VR: Headshot Fever,2021,2021,6.6,"(None,)",Kirsty Gillmore,Abigail Breslin,Abigail Breslin,XR Games,"March 25, 2021 (United States)"
Mario Kart Tour,2019,2019,5.5,"(None,)",Shinya Fujiwara,Toru Asakawa,Toru Asakawa,DeNA,Official Site (Germany)
The Darkness II,2012,2012,7.7,M,Sheldon Carter,Marc Silvestri,Brian Bloom,Outpost Studios,"February 7, 2012 (United States)"
Super Seducer 3,2021,2021,5.9,"(None,)",Artur Lerman,Richard La Ruina,Richard La Ruina,RLR Training,"Minsk, Belarus"
CSI: NY,2008,2008,6.8,"(None,)",Christopher Barbour,Gary Sinise,Gary Sinise,CBS,November 2008 (United States)
No More Heroes III,2021,2021,8.2,"(None,)",Suda 51,Robin Atkin Downes,Robin Atkin Downes,Grasshopper Manufacture,"August 27, 2021 (United States)"
Total War: Warhammer II,2017,2017,8.6,T,Ian Roxburgh,Andy Hall,Jason Anthony,"October 26, 2017 (United States)",Andy Hall
Forza Horizon 3,2016,2016,8.6,E,Ralph Fulton,Chris Goss,Chris Goss,Playground Games,"September 27, 2016 (United States)"
Wolfenstein: The Old Blood,2015,2015,7.7,M,Tommy Tordsson,Tommy Tordsson,Brian Bloom,MachineGames,"May 5, 2015 (United States)"
Superman,1999,1999,1.3,E,Joe Shuster,Victor Brandt,Victor Brandt,DC Entertainment,"May 31, 1999 (United States)"
The Sinking City,2019,2019,6.9,"(None,)",Aurélie Ludot,Victoria Atkin,Victoria Atkin,Frogwares Game Development Studio,"June 27, 2019 (United States)"
Angry Birds,2009,2009,6.8,E,A.M. Driver,"December 10, 2009 (United States)",Rovio Entertainment,Rovio Entertainment,"December 10, 2009 (United States)"
The Lego Movie Videogame,2014,2014,7.1,E10+,Jon Burton,Orion Acaba,Orion Acaba,TT Fusion,"February 7, 2014 (United States)"
Doom II: Hell on Earth,1994,1994,8.5,M,Sandy Petersen,"October 10, 1994 (United States)",id Software,id Software,"October 10, 1994 (United States)"
Splatoon 3,2022,2022,7.9,E10+,Yusuke Amano,Yuki Tsuji,Yuki Tsuji,Bandai Namco Studios,"September 9, 2022 (United States)"
Sonic and the Secret Rings,2007,2007,5.2,E,Yojiro Ogawa,Jun'ichi Kanemaru,Jun'ichi Kanemaru,Sonic Team,"February 20, 2007 (United States)"
Lightning Returns: Final Fantasy XIII,2013,2013,6.7,T,Motomu Toriyama,Ali Hillis,Ali Hillis,Square Enix Company,"February 11, 2014 (United States)"
Tom Clancy's Rainbow Six Extraction,2022,2022,5.2,M,Patrick Methe,Mark Cecere,Shawn Baichoo,Ubisoft Montreal,"January 20, 2022 (United States)"
Kingdom Hearts II: Final Mix+,2007,2007,9.3,"(None,)",Tetsuya Nomura,Haley Joel Osment,Haley Joel Osment,Square Enix Company,"March 30, 2007 (Japan)"
Xenoblade Chronicles,2010,2010,9.0,T,Ko Kojima,Shintarô Asanuma,Shintarô Asanuma,Monolith Soft,"April 3, 2012 (United States)"
Family Guy: Back to the Multiverse,2012,2012,6.7,M,Marc Vulcano,Seth MacFarlane,Seth MacFarlane,Activision,"November 20, 2012 (United States)"
Hunt Down the Freeman,2018,2018,1.6,M,Berkan Denizyaran,Alex Beltman,Alex Beltman,Royal Rudius Entertainment,"February 23, 2018 (United States)"
Final Fantasy XIV,2010,2010,6.1,"(None,)",Nobuaki Komoto,Tessa Auberjonois,Tessa Auberjonois,Square Enix Company,"September 30, 2010 (Japan)"
Tekken 5: Dark Resurrection,2005,2005,8.2,T,Katsuhiro Harada,David Schaufele,David Schaufele,Namco,Namco (United States)
The Lord of the Rings: The Battle for Middle-Earth,2004,2004,8.7,"(None,)",Richard Taylor,Sean Astin,Sean Astin,Electronic Arts (EA),"December 6, 2004 (United States)"
Need for Speed: ProStreet,2007,2007,5.7,"(None,)",Elin Anderson,Jarod DeAnda,Jarod DeAnda,Electronic Arts (EA),"November 13, 2007 (United States)"
Avatar: The Last Airbender - The Legend of Aang,2006,2006,8.3,E10+,Douglas Carrigan,Zach Tyler Eisen,Zach Tyler Eisen,THQ,"October 10, 2006 (United States)"
Sniper Elite 4,2017,2017,7.5,M,Colin Harvey,Tom Clarke Hill,Tom Clarke Hill,Rebellion Developments Ltd.,"February 14, 2017 (United States)"
Kingdom Hearts 3D: Dream Drop Distance,2012,2012,8.0,E10+,Tetsuya Nomura,Haley Joel Osment,Haley Joel Osment,Disney Interactive Japan,"July 31, 2012 (United States)"
The Secret of Monkey Island,1990,1990,9.3,E,Ron Gilbert,Ron Gilbert,Dominic Armato,Lucasfilm Games,October 1990 (United States)
Mario & Sonic at the Olympic Games: Tokyo 2020,2019,2019,6.1,E10+,Naohiro Hirao,Roger Craig Smith,Roger Craig Smith,AlphaDream,"November 5, 2019 (United States)"
Captain America: Super Soldier,2011,2011,7.0,T,Michael McCormick,Hayley Atwell,Hayley Atwell,Griptonite Games,"July 19, 2011 (United States)"
Alan Wake Remastered,2021,2021,8.1,"(None,)",Petri Järvilehto,Matthew Porretta,Matthew Porretta,Remedy Entertainment,"October 5, 2021 (United States)"
XIII,2003,2003,8.3,M,Elisabeth Pellen,Elisabeth Pellen,David Duchovny,Ubisoft,"November 18, 2003 (United States)"
"Warhammer 40,000: Chaos Gate - Daemonhunters",2022,2022,6.9,"(None,)",Aaron Dembski-Bowden,Robyn Addison,Robyn Addison,"May 5, 2022 (United States)",Robyn Addison
Metroid Prime Remastered,2023,2023,8.8,T,"February 8, 2023 (United States)","February 8, 2023 (United States)",Retro Studios,Retro Studios,"February 8, 2023 (United States)"
Fall Guys: Ultimate Knockout,2020,2020,7.1,E,Freya Fox,"August 4, 2020 (United States)",Mediatonic,Mediatonic,"August 4, 2020 (United States)"
Batman: Vengeance,2001,2001,7.5,T,Bob Kane,Kevin Conroy,Kevin Conroy,"September 18, 2001 (United States)",Kevin Conroy
The Murder of Sonic the Hedgehog,2023,2023,8.4,E,Ian Mutchler,"March 31, 2023 (United States)",Sega Social Team,Sega Social Team,"March 31, 2023 (United States)"
Bonelab,2022,2022,8.0,M,Brandon Laatsch,Jimmy Wong,Jimmy Wong,"Los Angeles, California, USA",Bonelab Steam Page
Borderlands: The Pre-Sequel!,2014,2014,7.4,M,Anthony Burch,Anthony Burch,Lynn Andrews III,2K Australia,"October 14, 2014 (United States)"
The Shield,2007,2007,6.8,M,Michael Chiklis,Michael Chiklis,Michael Chiklis,Point of View,"January 9, 2007 (United States)"
Steelrising,2022,2022,7.1,M,Cassie Layton,Cassie Layton,Cassie Layton,Spiders,"September 8, 2022 (United States)"
Star Wars: The Force Unleashed - Ultimate Sith Edition,2009,2009,8.0,T,Haden Blackman,Haden Blackman,Sam Witwer,LucasArts Entertainment Company,GOG.com
